,,,,,,,,,,,,,,,,,,,,
,1789,1793,18,1,180.3,90,11,82,0.344532850241546,0.00957,6.18982455888002,5.98770281227504,79,1,3,0.024390243902439,23.174478286289,0.10527,apple watch,Lying
,1790,1794,18,1,180.3,90,108,86.5359,3.28762546296296,0.058347,6.18982455888002,5.98770281227504,79,1,7.5359,0.0612674796747967,21.2341623571935,6.301476,apple watch,Lying
,1791,1795,18,1,180.3,90,205,84.0620666666667,20.663,0.107124,6.18982455888002,5.98770281227504,79,1,5.06206666666667,0.0411550135501355,17.6600747087244,21.96042,apple watch,Lying
,1792,1796,18,1,180.3,90,302,81.5882333333333,19.3358666666667,0.155901,6.18982455888002,5.98770281227504,79,1,2.58823333333333,0.0210425474254743,11.1024369345531,47.082102,apple watch,Lying
,1793,1797,18,1,180.3,90,399,79.1144,18.0087333333333,0.204678,6.18982455888002,5.98770281227504,79,-0.413641331441318,0.114400000000003,0.000930081300813036,2.15409671039357,81.666522,apple watch,Lying
,1794,1798,18,1,180.3,90,496,79.762,16.6816,0.253455,6.18982455888002,5.98770281227504,79,-0.308557572271927,0.762,0.00619512195121952,2.18438584655213,125.71368,apple watch,Sitting
,1795,1799,18,1,180.3,90,593,80.4096,15.3544666666667,0.302232,6.18982455888002,5.98770281227504,79,-0.243498070853303,1.4096,0.011460162601626,1.88028936415399,179.223576,apple watch,Sitting
,1796,1800,18,1,180.3,90,690,81.0572,14.0273333333333,0.351009,6.18982455888002,5.98770281227504,79,-0.418386497424039,2.05719999999999,0.0167252032520325,2.47827519234648,242.19621,apple watch,Sitting
,1797,1801,18,1,180.3,90,787,81.7048,12.7002,0.399786,6.18982455888002,5.98770281227504,79,-0.596752572518255,2.70480000000001,0.0219902439024391,3.35510675677143,314.631582,apple watch,Sitting
,1798,1802,18,1,180.3,90,884,82.3524,11.3730666666667,0.448563,6.18982455888002,5.98770281227504,79,-0.741616154609549,3.3524,0.0272552845528456,4.01700603268985,396.529692,apple watch,Sitting
,1799,1803,18,1,180.3,90,981,83,10.0459333333333,0.49734,6.18982455888002,5.98770281227504,79,-0.794590060276203,4,0.032520325203252,4.67178323912115,487.89054,apple watch,Self Pace walk
,1800,1804,18,1,180.3,90,91,85.125,8.7188,0.06185,6.18982455888002,5.98770281227504,79,-0.791176511719656,6.125,0.0497967479674797,5.27913507650638,5.62835,apple watch,Self Pace walk
,1801,1805,18,1,180.3,90,81,87.25,7.39166666666667,0.05622,6.18982455888002,5.98770281227504,79,-0.752400015272,8.25,0.0670731707317073,5.80231085781059,4.55382,apple watch,Self Pace walk
,1802,1806,18,1,180.3,90,89,89.375,6.06453333333334,0.06516,6.18982455888002,5.98770281227504,79,-0.671395934719119,10.375,0.084349593495935,6.20258214316156,5.79924,apple watch,Self Pace walk
,1803,1807,18,1,180.3,90,92,91.5,4.7374,0.06336,6.18982455888002,5.98770281227504,79,-0.543100230201659,12.5,0.101626016260163,6.06412492542091,5.82912,apple watch,Self Pace walk
,1804,1808,18,1,180.3,90,86,93.625,3.41026666666667,0.06062,6.18982455888002,5.98770281227504,79,0.328836747666876,14.625,0.11890243902439,5.44383499990336,5.21332,apple watch,Self Pace walk
,1805,1809,18,1,180.3,90,89,95.75,2.08313333333333,0.06065,6.18982455888002,5.98770281227504,79,0.154221075253249,16.75,0.136178861788618,4.65580125644407,5.39785,apple watch,Self Pace walk
,1806,1810,18,1,180.3,90,79,97.875,0.756,0.06062,6.18982455888002,5.98770281227504,79,0.355432129876477,18.875,0.153455284552846,6.58101957699865,4.78898,apple watch,Self Pace walk
,1807,1811,18,1,180.3,90,87,100,0.756,0.06251,6.18982455888002,5.98770281227504,79,0.420875776097341,21,0.170731707317073,8.52947865773984,5.43837,apple watch,Self Pace walk
,1808,1812,18,1,180.3,90,86,99.6666666666667,0.756,0.06647,6.18982455888002,5.98770281227504,79,0.436864597673039,20.6666666666667,0.168021680216802,9.46710516720468,5.71642,apple watch,Self Pace walk
,1809,1813,18,1,180.3,90,273,99.3333333333333,0.756,0.15192,6.18982455888002,5.98770281227504,79,0.432909548152474,20.3333333333333,0.165311653116531,9.81311579022411,41.47416,apple watch,Self Pace walk
,1810,1814,18,1,180.3,90,4,99,0.756,0.00312,6.18982455888002,5.98770281227504,79,0.425118254439615,20,0.16260162601626,9.74850514814742,0.01248,apple watch,Lying
,1811,1815,18,1,180.3,90,20.4,79,0.597,0.008268,6.18982455888002,5.98770281227504,79,0.443446678871034,0,0,9.38109472671526,0.1686672,apple watch,Lying
,1812,1816,18,1,180.3,90,36.8,77,0.6035,0.013416,6.18982455888002,5.98770281227504,79,0.474862420008007,-2,-0.016260162601626,8.79119930300668,0.4937088,apple watch,Lying
,1813,1817,18,1,180.3,90,53.2,80.3333333333333,0.516,0.018564,6.18982455888002,5.98770281227504,79,0.512145648004389,1.33333333333333,0.010840108401084,8.46262662432392,0.9876048,apple watch,Lying
,1814,1818,18,1,180.3,90,69.6,83.6666666666667,1.209,0.023712,6.18982455888002,5.98770281227504,79,0.379329261014727,4.66666666666667,0.0379403794037941,7.99360077191022,1.6503552,apple watch,Lying
,1815,1819,18,1,180.3,90,86,87,0.676,0.02886,6.18982455888002,5.98770281227504,79,0.64156790826491,8,0.0650406504065041,7.37038875120183,2.48196,apple watch,Running 3 METs
,1816,1820,18,1,180.3,90,97,90.3333333333333,0.756,0.035415,6.18982455888002,5.98770281227504,79,0.556305403858699,11.3333333333333,0.0921409214092141,6.79977612960258,3.435255,apple watch,Running 3 METs
,1817,1821,18,1,180.3,90,98,93.6666666666667,0.756,0.03836,6.18982455888002,5.98770281227504,79,0.509808968165136,14.6666666666667,0.119241192411924,5.31595346947886,3.75928,apple watch,Running 3 METs
,1818,1822,18,1,180.3,90,101,97,0.756,0.0399,6.18982455888002,5.98770281227504,79,0.49353817144975,18,0.146341463414634,4.01802514536289,4.0299,apple watch,Running 3 METs
,1819,1823,18,1,180.3,90,439,95.4545454545455,0.747,0.170193333333333,6.18982455888002,5.98770281227504,79,0.495622645654508,16.4545454545455,0.133776792313378,3.29569970836197,74.7148733333332,apple watch,Running 3 METs
,1820,1824,18,1,180.3,90,258,93.9090909090909,19.434,0.01292,6.18982455888002,5.98770281227504,79,0.504548189974526,14.9090909090909,0.121212121212121,3.43409981310603,3.33336,apple watch,Running 3 METs
,1821,1825,18,1,180.3,90,77,92.3636363636364,18.1888,0.05141,6.18982455888002,5.98770281227504,79,0.508857739414295,13.3636363636364,0.108647450110865,4.09075196106765,3.95857,apple watch,Running 3 METs
,1822,1826,18,1,180.3,90,99,90.8181818181818,16.9436,0.06668,6.18982455888002,5.98770281227504,79,0.447885733599429,11.8181818181818,0.0960827790096082,4.67909600178703,6.60132,apple watch,Running 3 METs
,1823,1827,18,1,180.3,90,85,89.2727272727273,15.6984,0.05963,6.18982455888002,5.98770281227504,79,0.375582994423706,10.2727272727273,0.0835181079083519,4.67909600178703,5.06855,apple watch,Running 3 METs
,1824,1828,18,1,180.3,90,95,87.7272727272727,14.4532,0.06461,6.18982455888002,5.98770281227504,79,-0.413329280081453,8.72727272727273,0.0709534368070954,4.67909600178703,6.13795,apple watch,Running 3 METs
,1825,1829,18,1,180.3,90,73.5,86.1818181818182,13.208,0.05958,6.18982455888002,5.98770281227504,79,-0.854559853449408,7.18181818181819,0.0583887657058389,4.75574178123741,4.37913,apple watch,Running 3 METs
,1826,1830,18,1,180.3,90,77,84.6363636363636,11.9628,0.04891,6.18982455888002,5.98770281227504,79,-0.912804042622711,5.63636363636364,0.0458240946045824,4.89278999543144,3.76607,apple watch,Running 3 METs
,1827,1831,18,1,180.3,90,162.285714285714,83.0909090909091,10.7176,0.121105,6.18982455888002,5.98770281227504,79,-0.767412047079386,4.09090909090909,0.033259423503326,4.21209549398079,19.6536114285714,apple watch,Lying
,1828,1832,18,1,180.3,90,247.571428571429,81.5454545454545,9.4724,0.1933,6.18982455888002,5.98770281227504,79,-0.221589707092088,2.54545454545455,0.0206947524020695,4.20828406675469,47.8555571428571,apple watch,Lying
,1829,1833,18,1,180.3,90,332.857142857143,80,8.2272,0.265495,6.18982455888002,5.98770281227504,79,-0.310118482452922,1,0.00813008130081301,5.75136527090211,88.3719071428571,apple watch,Lying
,1830,1834,18,1,180.3,90,418.142857142857,78,6.982,0.33769,6.18982455888002,5.98770281227504,79,-0.416696631440275,-1,-0.00813008130081301,8.28444682695532,141.202661428571,apple watch,Lying
,1831,1835,18,1,180.3,90,503.428571428571,76,5.7368,0.409885,6.18982455888002,5.98770281227504,79,-0.553995500756732,-3,-0.024390243902439,11.1671603777417,206.34782,apple watch,Lying
,1832,1836,18,1,180.3,90,588.714285714286,82.625,4.4916,0.48208,6.18982455888002,5.98770281227504,79,0.0765130339274672,3.625,0.0294715447154472,14.0421601449283,283.807382857143,apple watch,Running 5 METs
,1833,1837,18,1,180.3,90,674,89.25,3.2464,0.554275,6.18982455888002,5.98770281227504,79,0.299249747505081,10.25,0.0833333333333333,16.6582061859413,373.58135,apple watch,Running 5 METs
,1834,1838,18,1,180.3,90,106,95.875,2.0012,0.08954,6.18982455888002,5.98770281227504,79,0.395897871385796,16.875,0.13719512195122,18.7784229014757,9.49124,apple watch,Running 5 METs
,1835,1839,18,1,180.3,90,124,102.5,0.756,0.10702,6.18982455888002,5.98770281227504,79,0.442950316812718,23.5,0.191056910569106,20.0581835958959,13.27048,apple watch,Running 5 METs
,1836,1840,18,1,180.3,90,128,109.125,0.756,0.11086,6.18982455888002,5.98770281227504,79,0.485819391516213,30.125,0.244918699186992,20.0581835958959,14.19008,apple watch,Running 5 METs
,1837,1841,18,1,180.3,90,962,115.75,0.756,0.054535,6.18982455888002,5.98770281227504,79,0.529168546070073,36.75,0.298780487804878,20.0581835958959,52.46267,apple watch,Running 5 METs
,1838,1842,18,1,180.3,90,904.5,122.375,0.756,0.0535,6.18982455888002,5.98770281227504,79,0.589370238273731,43.375,0.352642276422764,20.0581835958959,48.39075,apple watch,Running 5 METs
,1839,1843,18,1,180.3,90,847,129,0.75,0.05422,6.18982455888002,5.98770281227504,79,0.362227196503479,50,0.40650406504065,18.793506395641,45.92434,apple watch,Running 5 METs
,1840,1844,18,1,180.3,90,789.5,135.625,0.735,0.05182,6.18982455888002,5.98770281227504,79,0.12357675608657,56.625,0.460365853658537,16.4903881662552,40.91189,apple watch,Running 5 METs
,1841,1845,18,1,180.3,90,732,142.25,0.735,0.05186,6.18982455888002,5.98770281227504,79,-0.0425563943073395,63.25,0.514227642276423,17.2941370647063,37.96152,apple watch,Running 5 METs
,1842,1846,18,1,180.3,90,674.5,148.875,0.509333333333333,0.05084,6.18982455888002,5.98770281227504,79,0.399920434825514,69.875,0.568089430894309,19.0086235332399,34.29158,apple watch,Running 5 METs
,1843,1847,18,1,180.3,90,617,155.5,0.61,0.22158,6.18982455888002,5.98770281227504,79,0.689444609198317,76.5,0.621951219512195,21.8646444486687,136.71486,apple watch,Running 5 METs
,1844,1848,18,1,180.3,90,550.714285714286,153.615384615385,0.61,0.041245,6.18982455888002,5.98770281227504,79,0.771821763434115,74.615384615385,0.606629143214512,22.3620470039503,22.7142107142857,apple watch,Sitting
,1845,1849,18,1,180.3,90,484.428571428571,119.75,0.5795,0.0470575,6.18982455888002,5.98770281227504,79,0.663188996466108,40.75,0.33130081300813,22.2277641778281,22.7959975,apple watch,Sitting
,1846,1850,18,1,180.3,90,418.142857142857,104.454545454545,0.6405,0.05287,6.18982455888002,5.98770281227504,79,0.404164562476483,25.454545454545,0.206947524020691,22.7893472447448,22.1072128571429,apple watch,Sitting
,1847,1851,18,1,180.3,90,351.857142857143,103.333333333333,0.508666666666667,0.0586825,6.18982455888002,5.98770281227504,79,0.0307244948466159,24.333333333333,0.19783197831978,25.0531950481406,20.6478567857143,apple watch,Sitting
,1848,1852,18,1,180.3,90,285.571428571429,96.8571428571429,0.38,0.064495,6.18982455888002,5.98770281227504,79,0.251328885034243,17.8571428571429,0.145180023228804,29.381310070672,18.4179292857143,apple watch,Sitting
,1849,1853,18,1,180.3,90,219.285714285714,114.085714285714,0.636,0.0703075,6.18982455888002,5.98770281227504,79,-0.0209007382231972,35.0857142857143,0.285249709639954,33.1139724747132,15.4174303571429,apple watch,Running 7 METs
,1850,1854,18,1,180.3,90,153,131.314285714286,0.749,0.07612,6.18982455888002,5.98770281227504,79,-0.068982046315728,52.3142857142857,0.425319396051104,36.0133026181198,11.64636,apple watch,Running 7 METs
,1851,1855,18,1,180.3,90,150,148.542857142857,0.7365,0.078025,6.18982455888002,5.98770281227504,79,-0.0346588635425537,69.5428571428571,0.565389082462253,35.8354623504005,11.70375,apple watch,Running 7 METs
,1852,1856,18,1,180.3,90,145,165.771428571429,0.735,0.07578,6.18982455888002,5.98770281227504,79,0.0250559781662225,86.7714285714286,0.705458768873403,33.4408760272272,10.9881,apple watch,Running 7 METs
,1853,1857,18,1,180.3,90,688,183,0.571333333333333,0.446136666666667,6.18982455888002,5.98770281227504,79,0.104527373031489,104,0.845528455284553,26.5460997085818,306.942026666667,apple watch,Running 7 METs
,1854,1858,18,1,180.3,90,142,183.583333333333,0.61,0.072025,6.18982455888002,5.98770281227504,79,0.13953759230154,104.583333333333,0.850271002710024,19.4801063384655,10.22755,apple watch,Running 7 METs
,1855,1859,18,1,180.3,90,147,184.666666666667,0.671,0.07465,6.18982455888002,5.98770281227504,79,0.0822668238213571,105.666666666667,0.859078590785911,12.5752373203606,10.97355,apple watch,Running 7 METs
,1856,1860,18,1,180.3,90,139,185.333333333333,0.632,0.0705515,6.18982455888002,5.98770281227504,79,-0.0407244502157122,106.333333333333,0.864498644986447,6.30352019954099,9.8066585,apple watch,Running 7 METs
,1857,1861,18,1,180.3,90,144,186.25,0.61,0.07414,6.18982455888002,5.98770281227504,79,1,107.25,0.871951219512195,29.0269853880418,10.67616,apple watch,Running 7 METs
,1858,1862,18,1,180.3,90,143,186.416666666667,0.61,0.073255,6.18982455888002,5.98770281227504,79,1,107.416666666667,0.873306233062333,38.8176880682184,10.475465,apple watch,Running 7 METs
,1859,1863,18,1,180.3,90,143,186.583333333333,0.61,0.07377,6.18982455888002,5.98770281227504,79,1,107.583333333333,0.874661246612463,44.6138580030235,10.54911,apple watch,Running 7 METs
,1860,1864,18,1,180.3,90,144,186.083333333333,0.61,0.073045,6.18982455888002,5.98770281227504,79,1,107.083333333333,0.870596205962057,47.808247046673,10.51848,apple watch,Running 7 METs
,1861,1865,18,1,180.3,90,77.3857142857143,186,0.477266425120773,0.0406859285714286,6.18982455888002,5.98770281227504,79,1,107,0.869918699186992,48.8845944580613,3.14850964387755,apple watch,Running 7 METs
,2464,2478,56,1,164,62,8,78.5313023809524,0.212,0.00688,5.74590659848425,5.90944045280115,65,1,13.5313023809524,0.136679822029822,3.32932018664918,0.05504,apple watch,Lying
,2465,2479,56,1,164,62,115.4,78.4533902777777,0.2226,0.071122,5.74590659848425,5.90944045280115,65,1,13.4533902777777,0.135892831088664,3.96714256483539,8.2074788,apple watch,Lying
,2466,2480,56,1,164,62,222.8,80.0406077546296,1.209,0.135364,5.74590659848425,5.90944045280115,65,1,15.0406077546296,0.151925330854844,4.46391886755534,30.1590992,apple watch,Lying
,2467,2481,56,1,164,62,330.2,81.6278252314815,0.204,0.199606,5.74590659848425,5.90944045280115,65,1,16.6278252314815,0.167957830621025,4.71180776397333,65.9099012,apple watch,Lying
,2468,2482,56,1,164,62,437.6,83.2150427083333,1.382,0.263848,5.74590659848425,5.90944045280115,65,0.237863863308575,18.2150427083333,0.183990330387205,4.55275227787982,115.4598848,apple watch,Lying
,2469,2483,56,1,164,62,545,84.8022601851852,0.225333333333333,0.32809,5.74590659848425,5.90944045280115,65,-0.294194144136511,19.8022601851852,0.200022830153385,4.80553955582025,178.80905,apple watch,Sitting
,2470,2484,56,1,164,62,437.1,86.389477662037,0.2388,0.263384,5.74590659848425,5.90944045280115,65,-0.687798358752893,21.389477662037,0.216055329919566,4.80553955582025,115.1251464,apple watch,Sitting
,2471,2485,56,1,164,62,329.2,87.9766951388889,0.252166666666667,0.198678,5.74590659848425,5.90944045280115,65,-0.882117765835861,22.9766951388889,0.232087829685746,4.80553955582025,65.4047976,apple watch,Sitting
,2472,2486,56,1,164,62,221.3,89.5639126157407,0.2758,0.133972,5.74590659848425,5.90944045280115,65,-0.94141151284286,24.5639126157407,0.248120329451926,4.80553955582025,29.6480036,apple watch,Sitting
,2473,2487,56,1,164,62,113.4,91.1511300925926,0.287333333333333,0.069266,5.74590659848425,5.90944045280115,65,-0.868422478142123,26.1511300925926,0.264152829218107,4.12497579287252,7.8547644,apple watch,Sitting
,2474,2488,56,1,164,62,5.5,92.7383475694444,0.1915,0.00456,5.74590659848425,5.90944045280115,65,-0.514468113428587,27.7383475694444,0.280185328984287,4.68910213676834,0.02508,apple watch,Self Pace walk
,2475,2489,56,1,164,62,5.4,94.3255650462963,0.252166666666667,0.004346,5.74590659848425,5.90944045280115,65,-0.225195180626917,29.3255650462963,0.296217828750468,5.34698530377811,0.0234684,apple watch,Self Pace walk
,2476,2490,56,1,164,62,5.17391304347826,95.9127825231481,0.252,0.00430130434782609,5.74590659848425,5.90944045280115,65,-0.0424143109042365,30.9127825231481,0.312250328516648,6.35285068043038,0.0222545746691872,apple watch,Self Pace walk
,2477,2491,56,1,164,62,5.125,97.5,0.248166666666667,0.00428,5.74590659848425,5.90944045280115,65,-0.0042549630615677,32.5,0.328282828282828,7.46448378015518,0.021935,apple watch,Self Pace walk
,2478,2492,56,1,164,62,5.08333333333333,89.6666666666667,0.245,0.00408875,5.74590659848425,5.90944045280115,65,-0.186977409095566,24.6666666666667,0.249158249158249,8.48758293336399,0.0207844791666667,apple watch,Self Pace walk
,2479,2493,56,1,164,62,59.2962962962963,81.8333333333333,0.245,0.0345737037037037,5.74590659848425,5.90944045280115,65,-0.0950444786546441,16.8333333333333,0.17003367003367,9.25384658102012,2.05009257887517,apple watch,Self Pace walk
,2480,2494,56,1,164,62,5.125,81.75,0.258333333333333,0.00389083333333333,5.74590659848425,5.90944045280115,65,-0.000352463450520623,16.75,0.169191919191919,9.57912398184537,0.0199405208333333,apple watch,Self Pace walk
,2481,2495,56,1,164,62,5.21739130434783,79.3571428571429,0.252,0.00396521739130435,5.74590659848425,5.90944045280115,65,0.00229116576210162,14.3571428571429,0.145021645021645,9.19880848813643,0.0206880907372401,apple watch,Self Pace walk
,2482,2496,56,1,164,62,5.21739130434783,76.9642857142857,0.252,0.00399782608695652,5.74590659848425,5.90944045280115,65,-0.0496556627313582,11.9642857142857,0.120851370851371,7.57325482949848,0.0208582230623819,apple watch,Self Pace walk
,2483,2497,56,1,164,62,4.8695652173913,74.5714285714286,0.252,0.00370086956521739,5.74590659848425,5.90944045280115,65,-0.136306512119319,9.57142857142857,0.0966810966810967,6.51635102552269,0.0180216257088847,apple watch,Self Pace walk
,2484,2498,56,1,164,62,5.17391304347826,72.1785714285714,0.252,0.00393217391304348,5.74590659848425,5.90944045280115,65,-0.764991445233391,7.17857142857143,0.0725108225108225,6.2601663348255,0.0203447258979206,apple watch,Self Pace walk
,2485,2499,56,1,164,62,4.72727272727273,69.7857142857143,0.225833333333333,0.00359272727272727,5.74590659848425,5.90944045280115,65,-0.777665798807188,4.78571428571428,0.0483405483405483,5.46238036082706,0.0169838016528926,apple watch,Lying
,2486,2500,56,1,164,62,17.8282828282828,67.3928571428571,0.344,0.0108254949494949,5.74590659848425,5.90944045280115,65,-0.778718483951581,2.39285714285714,0.0241702741702741,4.54712818343108,0.192999985715743,apple watch,Lying
,2487,2501,56,1,164,62,30.9292929292929,65,1.2095,0.0180582626262626,5.74590659848425,5.90944045280115,65,-0.651897779883395,0,0,3.56706082124966,0.558529294561779,apple watch,Lying
,2488,2502,56,1,164,62,44.030303030303,65,0.748416666666667,0.0252910303030303,5.74590659848425,5.90944045280115,65,-0.52475633963376,0,0,2.57224413874287,1.113571728191,apple watch,Lying
,2489,2503,56,1,164,62,57.1313131313131,65,0.287333333333333,0.032523797979798,5.74590659848425,5.90944045280115,65,-0.384876038043983,0,0,1.61505547737882,1.85812728660341,apple watch,Lying
,2490,2504,56,1,164,62,70.2323232323232,65,0.232,0.0397565656565656,5.74590659848425,5.90944045280115,65,-0.171155617105956,0,0,0.756687868683147,2.792195969799,apple watch,Running 3 METs
,2491,2505,56,1,164,62,83.3333333333333,65,0.252,0.0469893333333333,5.74590659848425,5.90944045280115,65,-0.299303479546315,0,0,3.3203915431768,3.91577777777777,apple watch,Running 3 METs
,2492,2506,56,1,164,62,4.90909090909091,65,0.252166666666667,0.00386090909090909,5.74590659848425,5.90944045280115,65,-0.365813428026358,0,0,7.08695985596081,0.0189535537190083,apple watch,Running 3 METs
,2493,2507,56,1,164,62,5.17391304347826,65,0.252,0.00395391304347826,5.74590659848425,5.90944045280115,65,-0.328157954168532,0,0,18.0173527467273,0.020457202268431,apple watch,Running 3 METs
,2494,2508,56,1,164,62,5,65,0.2495,0.00383458333333333,5.74590659848425,5.90944045280115,65,-0.331062503348031,0,0,21.657670568287,0.0191729166666667,apple watch,Running 3 METs
,2495,2509,56,1,164,62,4.875,65,0.245,0.00384583333333333,5.74590659848425,5.90944045280115,65,-0.276162169149282,0,0,22.7500677654668,0.0187484375,apple watch,Running 3 METs
,2496,2510,56,1,164,62,4.83333333333333,75.5,0.245,0.00367333333333333,5.74590659848425,5.90944045280115,65,0.211150287412523,10.5,0.106060606060606,22.3806985294621,0.0177544444444444,apple watch,Running 3 METs
,2497,2511,56,1,164,62,4.82608695652174,86,0.245,0.00366782608695652,5.74590659848425,5.90944045280115,65,0.177536051181743,21,0.212121212121212,21.1298235781666,0.017701247637051,apple watch,Running 3 METs
,2498,2512,56,1,164,62,5.1,121,0.2495,0.0040305,5.74590659848425,5.90944045280115,65,0.153190888773541,56,0.565656565656566,21.1616299781783,0.02055555,apple watch,Running 3 METs
,2499,2513,56,1,164,62,4.70833333333333,113.95,0.245,0.00366083333333333,5.74590659848425,5.90944045280115,65,0.130248547413067,48.95,0.494444444444444,21.0560978789886,0.0172364236111111,apple watch,Running 3 METs
,2500,2514,56,1,164,62,4.95833333333333,106.9,0.245,0.00392666666666667,5.74590659848425,5.90944045280115,65,0.10859984525708,41.9,0.423232323232323,20.9531272772264,0.0194697222222222,apple watch,Running 3 METs
,2501,2515,56,1,164,62,50.2692307692308,99.85,0.100428571428571,0.0314448148148148,5.74590659848425,5.90944045280115,65,0.108025282834996,34.85,0.352020202020202,22.1424314227439,1.58070665242165,apple watch,Running 3 METs
,2502,2516,56,1,164,62,5.1,92.8,0.061,0.004006,5.74590659848425,5.90944045280115,65,0.130759054438681,27.8,0.280808080808081,23.3125257201369,0.0204306,apple watch,Lying
,2503,2517,56,1,164,62,8,64.75,0.061,0.00688,5.74590659848425,5.90944045280115,65,0.228168909776851,-0.25,-0.00252525252525253,19.9112915297621,0.05504,apple watch,Lying
,2504,2518,56,1,164,62,7.65454545454545,65.8461538461538,0.061,0.00650290909090909,5.74590659848425,5.90944045280115,65,0.246575938624021,0.846153846153797,0.00854700854700805,19.6958113291688,0.0497768132231405,apple watch,Lying
,2505,2519,56,1,164,62,7.30909090909091,65.8181818181818,0.061,0.00612581818181818,5.74590659848425,5.90944045280115,65,0.146905631998996,0.818181818181799,0.00826446280991716,25.205359475861,0.0447741619834711,apple watch,Lying
,2506,2520,56,1,164,62,6.96363636363636,63.4615384615385,0.061,0.00574872727272727,5.74590659848425,5.90944045280115,65,0.51429768145269,-1.5384615384615,-0.0155400155400151,29.7939944092779,0.0400320462809917,apple watch,Lying
,2507,2521,56,1,164,62,6.61818181818182,65.0909090909091,0.1283,0.00537163636363636,5.74590659848425,5.90944045280115,65,0.439138631679309,0.0909090909090935,0.000918273645546399,31.8991422953926,0.0355504661157024,apple watch,Running 5 METs
,2508,2522,56,1,164,62,6.27272727272727,88.8939393939394,0.252166666666667,0.00499454545454545,5.74590659848425,5.90944045280115,65,0.402724830163706,23.8939393939394,0.241352923171105,30.9024975651135,0.0313294214876033,apple watch,Running 5 METs
,2509,2523,56,1,164,62,5.69565217391304,112.69696969697,0.252,0.00469652173913044,5.74590659848425,5.90944045280115,65,0.397777050491161,47.6969696969697,0.481787572696664,28.852266609082,0.0267497542533081,apple watch,Running 5 METs
,2510,2524,56,1,164,62,5.55555555555556,136.5,0.2454,0.00431055555555556,5.74590659848425,5.90944045280115,65,0.39942928870466,71.5,0.722222222222222,26.0734118241373,0.0239475308641976,apple watch,Running 5 METs
,2511,2525,56,1,164,62,50.4166666666667,136.666666666667,0.246666666666667,0.0339220833333333,5.74590659848425,5.90944045280115,65,0.428811313154612,71.666666666667,0.723905723905727,21.6767115599723,1.71023836805555,apple watch,Running 5 METs
,2512,2526,56,1,164,62,5.75,125.111111111111,0.252,0.00488458333333333,5.74590659848425,5.90944045280115,65,0.52886779780064,60.1111111111113,0.607182940516276,15.4271311015246,0.0280863541666667,apple watch,Running 5 METs
,2513,2527,56,1,164,62,5.60869565217391,113.555555555556,0.249666666666667,0.00469826086956522,5.74590659848425,5.90944045280115,65,0.579648279086014,48.5555555555557,0.490460157126825,13.1992555118574,0.0263511153119093,apple watch,Running 5 METs
,2514,2528,56,1,164,62,5.70833333333333,102,0.245,0.0045875,5.74590659848425,5.90944045280115,65,0.529399506720266,37,0.373737373737374,16.3834435921421,0.0261869791666667,apple watch,Running 5 METs
,2515,2529,56,1,164,62,5.58333333333333,105,0.245,0.00478291666666667,5.74590659848425,5.90944045280115,65,0.598685145146445,40,0.404040404040404,16.5729783312529,0.0267046180555556,apple watch,Running 5 METs
,2516,2530,56,1,164,62,5.66666666666667,105,0.245,0.00484333333333333,5.74590659848425,5.90944045280115,65,-0.69955866958891,40,0.404040404040404,15.064485541258,0.0274455555555555,apple watch,Running 5 METs
,2517,2531,56,1,164,62,5.625,105.75,0.245,0.00482583333333333,5.74590659848425,5.90944045280115,65,-0.832370842709593,40.75,0.411616161616162,14.4174402014224,0.0271453125,apple watch,Running 5 METs
,2518,2532,56,1,164,62,5.56521739130435,106.5,0.245,0.00452869565217391,5.74590659848425,5.90944045280115,65,-0.466322753067966,41.5,0.419191919191919,14.4939100900418,0.0252031758034026,apple watch,Running 5 METs
,2519,2533,56,1,164,62,5.5,84.3333333333333,0.250333333333333,0.00394,5.74590659848425,5.90944045280115,65,0.757548120870329,19.3333333333333,0.195286195286195,23.500629307454,0.02167,apple watch,Sitting
,2520,2534,56,1,164,62,9.5,81.0222222222222,0.2362,0.00789,5.74590659848425,5.90944045280115,65,0.382853977462594,16.0222222222222,0.161840628507295,37.6677377437941,0.074955,apple watch,Sitting
,2521,2535,56,1,164,62,13.5,77.7111111111111,0.238666666666667,0.01184,5.74590659848425,5.90944045280115,65,0.360681400125662,12.7111111111111,0.128395061728395,37.852500578807,0.15984,apple watch,Sitting
,2522,2536,56,1,164,62,13.25,74.4,0.239333333333333,0.01164,5.74590659848425,5.90944045280115,65,0.350832601450306,9.40000000000001,0.094949494949495,37.8088539757221,0.15423,apple watch,Sitting
,2523,2537,56,1,164,62,13,114.1,0.225,0.01144,5.74590659848425,5.90944045280115,65,0.341340545904686,49.1,0.495959595959596,37.7598466931582,0.14872,apple watch,Sitting
,2524,2538,56,1,164,62,107.285714285714,153.8,0.236833333333333,0.0937957142857143,5.74590659848425,5.90944045280115,65,0.313652104616883,88.8,0.896969696969697,36.3778571582579,10.0629402040816,apple watch,Running 7 METs
,2525,2539,56,1,164,62,7.625,193.5,0.246,0.00883375,5.74590659848425,5.90944045280115,65,0.297900662547941,128.5,1.2979797979798,34.2242097436723,0.06735734375,apple watch,Running 7 METs
,2526,2540,56,1,164,62,6.66666666666667,123,0.2455,0.00577375,5.74590659848425,5.90944045280115,65,0.316231775415079,58,0.585858585858586,31.228755507597,0.0384916666666667,apple watch,Running 7 METs
,2527,2541,56,1,164,62,6.52173913043478,114.6,0.251333333333333,0.00507260869565217,5.74590659848425,5.90944045280115,65,0.36119540559265,49.6,0.501010101010101,27.4286475060024,0.0330822306238185,apple watch,Running 7 METs
,2528,2542,56,1,164,62,6.66666666666667,115.05,0.252,0.00497333333333333,5.74590659848425,5.90944045280115,65,0.372622025996117,50.05,0.505555555555556,28.9510205432705,0.0331555555555555,apple watch,Running 7 METs
,2529,2543,56,1,164,62,6.52173913043478,115.5,0.2492,0.00481695652173913,5.74590659848425,5.90944045280115,65,-0.224165976868977,50.5,0.51010101010101,28.8847161628474,0.0314149338374291,apple watch,Running 7 METs
,2530,2544,56,1,164,62,6.41666666666667,116.555555555556,0.247166666666667,0.00475791666666667,5.74590659848425,5.90944045280115,65,-0.402230630852073,51.555555555556,0.520763187429859,13.9976873675072,0.0305299652777778,apple watch,Running 7 METs
,2531,2545,56,1,164,62,6.56521739130435,109.37962962963,0.252,0.00486869565217391,5.74590659848425,5.90944045280115,65,1,44.37962962963,0.44827908716798,15.9051904394192,0.03196404536862,apple watch,Running 7 METs
,2532,2546,56,1,164,62,6.5,102.203703703704,0.252,0.00476125,5.74590659848425,5.90944045280115,65,1,37.203703703704,0.375794986906101,16.5593758796739,0.030948125,apple watch,Running 7 METs
,2533,2547,56,1,164,62,6.65217391304348,95.027777777778,0.252333333333333,0.00508347826086957,5.74590659848425,5.90944045280115,65,1,30.027777777778,0.303310886644222,19.1239949805902,0.0338161814744802,apple watch,Running 7 METs
,2534,2548,56,1,164,62,13.8333333333333,87.851851851852,0.252,0.0105175,5.74590659848425,5.90944045280115,65,1,22.851851851852,0.230826786382343,19.365873011585,0.145492083333333,apple watch,Running 7 METs
,2535,2549,56,1,164,62,6,80.675925925926,0.21875,0.00444,5.74590659848425,5.90944045280115,65,1,15.675925925926,0.158342686120465,17.4117378852894,0.02664,apple watch,Running 7 METs
,2758,2772,25,0,166,68,10.7714285714286,78.5313023809524,0.344532850241546,0.00832685714285714,6.17548535716255,5.84189135704716,77.0397625,1,1.49153988095239,0.0126444292802682,43.9585305514725,0.0896921469387755,apple watch,Lying
,2759,2773,25,0,166,68,71.0194805194805,80,3.28762546296296,0.045754961038961,6.17548535716255,5.84189135704716,77.0397625,1,2.96023750000001,0.0250952148176203,40.2832586448898,3.24949356417608,apple watch,Lying
,2760,2774,25,0,166,68,131.267532467532,79.193175,3.00633374485597,0.0831830649350649,6.17548535716255,5.84189135704716,77.0397625,1,2.1534125,0.0182554100062744,33.351284251974,10.9192356771125,apple watch,Lying
,2761,2775,25,0,166,68,191.515584415584,78.38635,2.72504202674897,0.120611168831169,6.17548535716255,5.84189135704716,77.0397625,1,1.3465875,0.0114156051949285,18.5082537666451,23.098918485748,apple watch,Lying
,2762,2776,25,0,166,68,251.763636363636,77.0397625,2.44375030864198,0.158039272727273,6.17548535716255,5.84189135704716,77.0397625,0.0790502818581348,0,0,3.50966914128811,39.7885419900826,apple watch,Lying
,2763,2777,25,0,166,68,312.011688311688,75.693175,2.16245859053498,0.195467376623377,6.17548535716255,5.84189135704716,77.0397625,0.471263310626343,-1.3465875,-0.0114156051949285,5.62959081106866,60.9881061901164,apple watch,Sitting
,2764,2778,25,0,166,68,372.25974025974,74.3465875,1.88116687242798,0.232895480519481,6.17548535716255,5.84189135704716,77.0397625,0.715395725743927,-2.693175,-0.022831210389857,8.21458132857496,86.6976110858492,apple watch,Sitting
,2765,2779,25,0,166,68,432.507792207792,73,1.59987515432099,0.270323584415584,6.17548535716255,5.84189135704716,77.0397625,0.142808181173035,-4.03976249999999,-0.0342468155847855,10.9748472224964,116.917056677281,apple watch,Sitting
,2766,2780,25,0,166,68,492.755844155844,79.3333333333333,1.31858343621399,0.307751688311688,6.17548535716255,5.84189135704716,77.0397625,-0.24537341504396,2.29357083333333,0.019443592874534,13.6835426058733,151.646442964412,apple watch,Sitting
,2767,2781,25,0,166,68,553.003896103896,85.6666666666667,1.037291718107,0.345179792207792,6.17548535716255,5.84189135704716,77.0397625,-0.49790830291029,8.62690416666668,0.0731340013338535,16.1072863285001,190.885769947242,apple watch,Sitting
,2768,2782,25,0,166,68,613.251948051948,92,0.756,0.382607896103896,6.17548535716255,5.84189135704716,77.0397625,-0.65291866315422,14.9602375,0.126824409793173,18.0261977403639,234.635037625772,apple watch,Self Pace walk
,2769,2783,25,0,166,68,673.5,98.3333333333333,0.756,0.420036,6.17548535716255,5.84189135704716,77.0397625,-0.7455025995863,21.2935708333333,0.180514818252492,19.1751189092841,282.894246,apple watch,Self Pace walk
,2770,2784,25,0,166,68,124,104.666666666667,0.756,0.053075,6.17548535716255,5.84189135704716,77.0397625,-0.795909931343518,27.6269041666667,0.234205226711812,19.1751189092841,6.5813,apple watch,Self Pace walk
,2771,2785,25,0,166,68,126,111,0.756,0.05676,6.17548535716255,5.84189135704716,77.0397625,-0.777963152415956,33.9602375,0.287895635171131,19.1751189092841,7.15176,apple watch,Self Pace walk
,2772,2786,25,0,166,68,124,117.333333333333,0.756,0.05547,6.17548535716255,5.84189135704716,77.0397625,-0.694300413217517,40.2935708333333,0.341586043630451,19.1751189092841,6.87828,apple watch,Self Pace walk
,2773,2787,25,0,166,68,124,123.666666666667,0.756,0.054795,6.17548535716255,5.84189135704716,77.0397625,-0.561974274081928,46.6269041666667,0.39527645208977,16.8486454010954,6.79458,apple watch,Self Pace walk
,2774,2788,25,0,166,68,120,130,0.756,0.05208,6.17548535716255,5.84189135704716,77.0397625,-0.12137056104397,52.9602375,0.44896686054909,14.0691524045593,6.2496,apple watch,Self Pace walk
,2775,2789,25,0,166,68,118,136.333333333333,0.756,0.05422,6.17548535716255,5.84189135704716,77.0397625,-0.378170820060772,59.2935708333333,0.502657269008409,12.4561576819471,6.39796,apple watch,Self Pace walk
,2776,2790,25,0,166,68,121,142.666666666667,0.756,0.054175,6.17548535716255,5.84189135704716,77.0397625,-0.588061432773444,65.6269041666667,0.556347677467729,13.1896073004749,6.555175,apple watch,Self Pace walk
,2777,2791,25,0,166,68,123,149,0.7395,0.05202,6.17548535716255,5.84189135704716,77.0397625,-0.608033019130989,71.9602375,0.610038085927048,16.0566224174572,6.39846,apple watch,Self Pace walk
,2778,2792,25,0,166,68,121,136.5,0.735,0.0516,6.17548535716255,5.84189135704716,77.0397625,-0.54002357644531,59.4602375,0.504070174494181,17.8055425550308,6.2436,apple watch,Self Pace walk
,2779,2793,25,0,166,68,258.5,124,10.4355,0.13241,6.17548535716255,5.84189135704716,77.0397625,-0.412240185956728,46.9602375,0.398102263061313,18.5176675730417,34.227985,apple watch,Lying
,2780,2794,25,0,166,68,231.583333333333,115.333333333333,9.7902,0.121461666666667,6.17548535716255,5.84189135704716,77.0397625,-0.249493973756415,38.2935708333333,0.324631177801192,18.0644337146809,28.1284976388889,apple watch,Lying
,2781,2795,25,0,166,68,204.666666666667,106.666666666667,9.1449,0.110513333333333,6.17548535716255,5.84189135704716,77.0397625,-0.127910051793607,29.6269041666667,0.251160092541071,16.0574681675106,22.6183955555556,apple watch,Lying
,2782,2796,25,0,166,68,177.75,98,8.4996,0.099565,6.17548535716255,5.84189135704716,77.0397625,-0.000248172621923962,20.9602375,0.177689007280949,11.2978884731005,17.69767875,apple watch,Lying
,2783,2797,25,0,166,68,150.833333333333,102,7.8543,0.0886166666666667,6.17548535716255,5.84189135704716,77.0397625,0.120142898632417,24.9602375,0.211598738939467,8.1898009442338,13.3663472222222,apple watch,Lying
,2784,2798,25,0,166,68,123.916666666667,106,7.209,0.0776683333333333,6.17548535716255,5.84189135704716,77.0397625,0.263658918395433,28.9602375,0.245508470597984,7.57521950951152,9.62440097222222,apple watch,Running 3 METs
,2785,2799,25,0,166,68,97,110,6.5637,0.06672,6.17548535716255,5.84189135704716,77.0397625,0.133788704990111,32.9602375,0.279418202256502,8.13497251241685,6.47184,apple watch,Running 3 METs
,2786,2800,25,0,166,68,105,114,5.9184,0.07604,6.17548535716255,5.84189135704716,77.0397625,0.0985106346907435,36.9602375,0.31332793391502,8.50637016202172,7.9842,apple watch,Running 3 METs
,2787,2801,25,0,166,68,105,118,5.2731,0.07712,6.17548535716255,5.84189135704716,77.0397625,0.126833786478593,40.9602375,0.347237665573537,7.08695985596081,8.0976,apple watch,Running 3 METs
,2788,2802,25,0,166,68,106,119,4.6278,0.07683,6.17548535716255,5.84189135704716,77.0397625,0.17547780395,41.9602375,0.355715098488166,5.3148115885911,8.14398,apple watch,Running 3 METs
,2789,2803,25,0,166,68,468.5,120,3.9825,0.342045,6.17548535716255,5.84189135704716,77.0397625,0.221592021076488,42.9602375,0.364192531402796,4.07040659843009,160.2480825,apple watch,Running 3 METs
,2790,2804,25,0,166,68,103,121,3.3372,0.07416,6.17548535716255,5.84189135704716,77.0397625,0.208830872072328,43.9602375,0.372669964317425,4.5081887085723,7.63848,apple watch,Running 3 METs
,2791,2805,25,0,166,68,105,121.5,2.6919,0.0798,6.17548535716255,5.84189135704716,77.0397625,0.209516637154275,44.4602375,0.37690868077474,6.29621187307235,8.379,apple watch,Running 3 METs
,2792,2806,25,0,166,68,103,122,2.0466,0.07797,6.17548535716255,5.84189135704716,77.0397625,-0.294161279642147,44.9602375,0.381147397232055,8.34534319764141,8.03091,apple watch,Running 3 METs
,2793,2807,25,0,166,68,103,117.333333333333,1.4013,0.07723,6.17548535716255,5.84189135704716,77.0397625,-0.562872457372833,40.2935708333333,0.341586043630451,10.3107429292504,7.95469,apple watch,Running 3 METs
,2794,2808,25,0,166,68,105,112.666666666667,0.756,0.07944,6.17548535716255,5.84189135704716,77.0397625,-0.848557001406012,35.6269041666667,0.302024690028847,11.5758502340854,8.3412,apple watch,Running 3 METs
,2795,2809,25,0,166,68,102,108,0.756,0.07868,6.17548535716255,5.84189135704716,77.0397625,-0.874688736052314,30.9602375,0.262463336427243,12.1564010471748,8.02536,apple watch,Running 3 METs
,2796,2810,25,0,166,68,104,103.333333333333,0.756,0.08231,6.17548535716255,5.84189135704716,77.0397625,-0.850584450998317,26.2935708333333,0.222901982825639,11.3096790057882,8.56024,apple watch,Running 3 METs
,2797,2811,25,0,166,68,446,98.6666666666667,0.51,0.00916,6.17548535716255,5.84189135704716,77.0397625,-0.777418716255856,21.6269041666667,0.183340629224035,9.22480378622986,4.08536,apple watch,Lying
,2798,2812,25,0,166,68,590,94,0.7285,0.103445,6.17548535716255,5.84189135704716,77.0397625,-0.683143998284073,16.9602375,0.143779275622432,7.27777451556005,61.03255,apple watch,Lying
,2799,2813,25,0,166,68,734,92,0.3845,0.19773,6.17548535716255,5.84189135704716,77.0397625,-0.527348978249267,14.9602375,0.126824409793173,6.27203923367293,145.13382,apple watch,Lying
,2800,2814,25,0,166,68,878,90,0.6835,0.292015,6.17548535716255,5.84189135704716,77.0397625,-0.462866720032318,12.9602375,0.109869543963914,6.83808812408721,256.38917,apple watch,Lying
,2801,2815,25,0,166,68,1022,94.2307692307692,0.5165,0.3863,6.17548535716255,5.84189135704716,77.0397625,-0.653812814202166,17.1910067307692,0.145735606295038,8.51447697816506,394.7986,apple watch,Lying
,2802,2816,25,0,166,68,1166,98.4615384615385,0.756,0.480585,6.17548535716255,5.84189135704716,77.0397625,-0.788219062876599,21.4217759615385,0.181601668626163,10.4181983094861,560.36211,apple watch,Running 5 METs
,2803,2817,25,0,166,68,903.75,102.692307692308,0.756,0.05003,6.17548535716255,5.84189135704716,77.0397625,-0.877104910892387,25.6525451923077,0.217467730957287,11.8995466739437,45.2146125,apple watch,Running 5 METs
,2804,2818,25,0,166,68,641.5,106.923076923077,0.756,0.05174,6.17548535716255,5.84189135704716,77.0397625,-0.910974584214708,29.8833144230769,0.253333793288411,12.8092899596432,33.19121,apple watch,Running 5 METs
,2805,2819,25,0,166,68,379.25,111.153846153846,0.756,0.049455,6.17548535716255,5.84189135704716,77.0397625,-0.913821278292239,34.1140836538462,0.289199855619536,12.8092899596432,18.75580875,apple watch,Running 5 METs
,2806,2820,25,0,166,68,117,115.384615384615,0.756,0.052655,6.17548535716255,5.84189135704716,77.0397625,-0.858836999809631,38.3448528846154,0.32506591795066,12.8092899596432,6.160635,apple watch,Running 5 METs
,2807,2821,25,0,166,68,121,119.615384615385,0.756,0.054185,6.17548535716255,5.84189135704716,77.0397625,-0.662896108532597,42.5756221153846,0.360931980281785,12.8092899596432,6.556385,apple watch,Running 5 METs
,2808,2822,25,0,166,68,83.5,123.846153846154,0.756,0.029325,6.17548535716255,5.84189135704716,77.0397625,-0.499227672952156,46.8063913461538,0.396798042612909,12.8092899596432,2.4486375,apple watch,Running 5 METs
,2809,2823,25,0,166,68,122,128.076923076923,0.754,0.051785,6.17548535716255,5.84189135704716,77.0397625,-0.235509976835509,51.0371605769231,0.432664104944033,13.3782680941597,6.31777,apple watch,Running 5 METs
,2810,2824,25,0,166,68,120,132.307692307692,0.735,0.05141,6.17548535716255,5.84189135704716,77.0397625,0.38795423573542,55.2679298076923,0.468530167275158,12.49710091299,6.1692,apple watch,Running 5 METs
,2811,2825,25,0,166,68,122,136.538461538462,0.653333333333333,0.05051,6.17548535716255,5.84189135704716,77.0397625,-0.147672271905722,59.4986990384616,0.504396229606282,12.0297687137252,6.16222,apple watch,Running 5 METs
,2812,2826,25,0,166,68,337.5,140.769230769231,0.672,0.186046666666667,6.17548535716255,5.84189135704716,77.0397625,-0.619434355089384,63.7294682692308,0.540262291937406,14.3453646996711,62.7907500000001,apple watch,Running 5 METs
,2813,2827,25,0,166,68,120,145,0.5795,0.04904,6.17548535716255,5.84189135704716,77.0397625,-0.829042182251195,67.9602375,0.576128354268531,16.9662334443545,5.8848,apple watch,Running 5 METs
,2814,2828,25,0,166,68,99,152.5,0.61,0.04984,6.17548535716255,5.84189135704716,77.0397625,-0.930418160122058,75.4602375,0.639709101128251,22.4280357003265,4.93416,apple watch,Running 5 METs
,2815,2829,25,0,166,68,284,148,0.691333333333333,0.01578,6.17548535716255,5.84189135704716,77.0397625,-0.937221036007756,70.9602375,0.601560653012419,24.4346332516042,4.48152,apple watch,Sitting
,2816,2830,25,0,166,68,469,118.333333333333,0.61,0.0249158333333333,6.17548535716255,5.84189135704716,77.0397625,-0.866808929243247,41.293570833333,0.350063476545077,24.4030363931333,11.6855258333333,apple watch,Sitting
,2817,2831,25,0,166,68,654,106.416666666667,0.6635,0.0340516666666667,6.17548535716255,5.84189135704716,77.0397625,-0.761360206411543,29.376904166667,0.249040734312416,23.3143326448428,22.26979,apple watch,Sitting
,2818,2832,25,0,166,68,839,103.75,0.457333333333333,0.0431875,6.17548535716255,5.84189135704716,77.0397625,-0.592943839980324,26.7102375,0.226434246540068,21.9559156023672,36.2343125,apple watch,Sitting
,2819,2833,25,0,166,68,1024,85,0.676,0.0523233333333333,6.17548535716255,5.84189135704716,77.0397625,-0.282724001971182,7.96023750000001,0.0674823793907672,20.5500339806274,53.5790933333333,apple watch,Sitting
,2820,2834,25,0,166,68,1209,95,0.5965,0.0614591666666667,6.17548535716255,5.84189135704716,77.0397625,0.0147125924736397,17.9602375,0.152256708537061,22.1096695030118,74.3041325,apple watch,Running 7 METs
,2821,2835,25,0,166,68,1394,107.270833333333,0.7425,0.070595,6.17548535716255,5.84189135704716,77.0397625,-0.176588818356927,30.2310708333334,0.256281874926993,27.5569959475968,98.40943,apple watch,Running 7 METs
,2822,2836,25,0,166,68,1367,119.541666666667,0.7375,0.44175,6.17548535716255,5.84189135704716,77.0397625,-0.559616770230049,42.5019041666667,0.360307041316925,32.5535805951958,603.87225,apple watch,Running 7 METs
,2823,2837,25,0,166,68,1229,131.8125,0.738,0.0606305,6.17548535716255,5.84189135704716,77.0397625,-0.799669892937979,54.7727375000001,0.464332207706856,36.7818755060254,74.5148845,apple watch,Running 7 METs
,2824,2838,25,0,166,68,1091,144.083333333333,0.6755,0.05842875,6.17548535716255,5.84189135704716,77.0397625,-0.939625893181283,67.0435708333335,0.568357374096788,35.3624110566679,63.74576625,apple watch,Running 7 METs
,2825,2839,25,0,166,68,953,156.354166666667,0.61,0.054475,6.17548535716255,5.84189135704716,77.0397625,-0.976833041628987,79.3144041666669,0.67238254048672,32.3126526789143,51.914675,apple watch,Running 7 METs
,2826,2840,25,0,166,68,815,168.625,0.7335,0.04774,6.17548535716255,5.84189135704716,77.0397625,-0.942032570099751,91.5852375000003,0.776407706876652,27.6801880341604,38.9081,apple watch,Running 7 METs
,2827,2841,25,0,166,68,677,180.895833333334,0.630333333333333,0.062685,6.17548535716255,5.84189135704716,77.0397625,-0.474134588294556,103.856070833334,0.880432873266584,25.3352763849763,42.437745,apple watch,Running 7 METs
,2828,2842,25,0,166,68,539,193.166666666667,0.614,0.063825,6.17548535716255,5.84189135704716,77.0397625,1,116.126904166667,0.984458039656516,37.239794044285,34.401675,apple watch,Running 7 METs
,2829,2843,25,0,166,68,401,193.75,0.61,0.064295,6.17548535716255,5.84189135704716,77.0397625,1,116.7102375,0.989403208856713,46.019918533913,25.782295,apple watch,Running 7 METs
,2830,2844,25,0,166,68,263,194.333333333333,0.611,0.0581,6.17548535716255,5.84189135704716,77.0397625,1,117.293570833333,0.994348378056911,51.4741558138904,15.2803,apple watch,Running 7 METs
,2831,2845,25,0,166,68,125,187.583333333333,0.61,0.054405,6.17548535716255,5.84189135704716,77.0397625,1,110.543570833333,0.937125705883163,54.1120949108161,6.800625,apple watch,Running 7 METs
,2832,2846,25,0,166,68,67.8857142857143,133.057317857143,0.477266425120773,0.0313659285714286,6.17548535716255,5.84189135704716,77.0397625,1,56.0175553571427,0.474885067581715,54.2760825490057,2.12929846530612,apple watch,Running 7 METs
